prefab,kind,count,mean_scale
{03B4D5AAD4B9D8AA}Prefabs/Vegetation/Tree/t_pinus_sylvestris/t_pinus_sylvestris_3s.et,tree,3285,0.866227
{04592C849978A51C}Prefabs/Vegetation/Tree/t_sorbus_aucuparia/t_sorbus_aucuparia_2f.et,tree,617,0.972891
{09E03E65489EEC39}Prefabs/Vegetation/Bush/b_phragmites_australis_1.et,bush,4720,0.929751
{0CA0547EB03759E1}Prefabs/Vegetation/Bush/b_rubus_idaeus_1s.et,bush,13364,1.02006
{124518D13290A687}Prefabs/Vegetation/Bush/b_salix_cinerea_0.et,bush,10876,1.00507
{168F4536FBB8FC36}Prefabs/Vegetation/Tree/t_carpinus_betulus/t_carpinus_betulus_0s.et,tree,12576,0.988031
{1B72E3F82B36964B}Prefabs/Vegetation/Tree/t_salix_fragilis/t_salix_fragilis_3s.et,tree,304,0.969704
{1C4EEFC81C19E4C6}Prefabs/Vegetation/Tree/t_betula_pendula/t_betula_pendula_0.et,tree,16496,0.969393
{1C6F9AD2669C17F9}Prefabs/Vegetation/Tree/t_malus_domestica/t_malus_domestica_2s.et,tree,3734,1.00673
{1DF7655ED7FBDF2D}Prefabs/Vegetation/Tree/t_betula_pendula/t_betula_pendula_stem_01.et,tree,266,0.887883
{20DF6F32A326584B}Prefabs/Vegetation/Tree/t_pinus_sylvestris/t_pinus_sylvestris_3f_high.et,tree,12687,0.996785
{23C0BE9D80929DBD}Prefabs/Vegetation/Bush/b_salix_cinerea_1w.et,bush,40240,0.972072
{2B532EC12F7FB1DE}Prefabs/Vegetation/Tree/t_betula_pendula/t_betula_pendula_3s.et,tree,6872,0.965883
{2E810552D5E6CF78}Prefabs/Vegetation/Tree/t_betula_pendula/t_betula_pendula_2sw.et,tree,10613,0.97552
{306B11841F13B7BC}Prefabs/Vegetation/Tree/t_picea_abies/t_picea_abies_1s.et,tree,50683,0.937274
{34326A41A24A1B16}Prefabs/Vegetation/Tree/t_alnus_glutinosa/t_alnus_glutinosa_2f.et,tree,1074,0.994667
{3C1D0706AC587223}Prefabs/Vegetation/Tree/t_carpinus_betulus/t_carpinus_betulus_3f.et,tree,16254,0.998215
{45A5973AE6686EA1}Prefabs/Vegetation/Tree/t_betula_pendula/t_betula_pendula_2sd.et,tree,288,0.900014
{4B176F8E58FA9D53}Prefabs/Vegetation/Tree/t_carpinus_betulus/t_carpinus_betulus_2f.et,tree,2446,0.988652
{5C594649DBDD5EAE}Prefabs/Vegetation/Tree/t_betula_pendula/t_betula_pendula_2s.et,tree,9713,0.957352
{5E2CFF1277FBB9CF}Prefabs/Vegetation/Tree/t_pinus_sylvestris/t_pinus_sylvestris_1f.et,tree,7947,0.953576
{616D6371AEB1D799}Prefabs/Vegetation/Tree/t_betula_pendula/t_betula_pendula_2t.et,tree,3575,0.916334
{63DC62906A5917F3}Prefabs/Vegetation/Tree/t_populus_nigra/t_populus_nigra_3s.et,tree,378,0.960016
{6C454FA2B0FAFAEE}Prefabs/Vegetation/Bush/b_juniperus_communis_1s.et,bush,438,1.00535
{6C788B70DF94793B}Prefabs/Vegetation/Tree/t_salix_fragilis/t_salix_fragilis_2s.et,tree,645,0.950659
{6DF33B3CBC51D6D9}Prefabs/Vegetation/Tree/t_picea_abies/t_picea_abies_3f.et,tree,32144,0.928992
{70692C116A6B4177}Prefabs/Vegetation/Tree/t_betula_pendula/t_betula_pendula_1sw.et,tree,15458,0.982204
{74BEBD22201B37DA}Prefabs/Vegetation/Tree/t_pinus_sylvestris/t_pinus_sylvestris_2s.et,tree,6455,1.07506
{7BAA3CF64495B691}Prefabs/Vegetation/Bush/b_rubus_idaeus_0s.et,bush,11980,1.0091
{7FAB7F6C07302D10}Prefabs/Vegetation/Tree/t_sorbus_aucuparia/t_sorbus_aucuparia_1w.et,tree,1164,0.962618
{81EE8FAE7539DAA1}Prefabs/Vegetation/Bush/b_juniperus_communis_0.et,bush,1386,1.00145
{83E7EA2D55140839}Prefabs/Vegetation/Tree/t_picea_abies/t_picea_abies_1f.et,tree,24817,0.929923
{87BE91E8E84DA493}Prefabs/Vegetation/Tree/t_alnus_glutinosa/t_alnus_glutinosa_2s.et,tree,973,0.999134
{8F91FCAFE65FCDA6}Prefabs/Vegetation/Tree/t_carpinus_betulus/t_carpinus_betulus_3s.et,tree,2561,0.852981
{93312BADF8D221EC}Prefabs/Vegetation/Tree/t_picea_abies/t_picea_abies_2d.et,tree,810,0.986008
{938E2F2C01769971}Prefabs/Vegetation/Bush/b_phragmites_australis_1b.et,bush,6663,0.995835
{98DFD56865780E5B}Prefabs/Vegetation/Tree/t_betula_pendula/t_betula_pendula_3f.et,tree,5972,0.93204
{9FDBC6DD8E57C895}Prefabs/Vegetation/Tree/t_carpinus_betulus/t_carpinus_betulus_0.et,tree,27933,0.931886
{A43BE7E364B5CD67}Prefabs/Vegetation/Bush/b_juniperus_communis_2w.et,bush,10419,1.03556
{A5DE58FC9FB6BA60}Prefabs/Vegetation/Bush/b_corylus_avellana_2.et,bush,25175,0.962523
{A975A81D02F4862C}Prefabs/Vegetation/Tree/t_picea_abies/t_picea_abies_2s.et,tree,17944,0.964776
{AED5759B653DF6D0}Prefabs/Vegetation/Bush/b_rosa_canina_1s.et,bush,7744,1.04826
{AF4BFBE29028A9FD}Prefabs/Vegetation/Bush/b_corylus_avellana_1l.et,bush,55641,0.947556
{B0382E039EBE672F}Prefabs/Vegetation/Tree/t_pinus_sylvestris/t_pinus_sylvestris_3f.et,tree,9428,0.798195
{B5D57F1F1C796A66}Prefabs/Vegetation/Tree/t_carpinus_betulus/t_carpinus_betulus_3d.et,tree,798,0.986313
{B78F72C338993EA1}Prefabs/Vegetation/Tree/t_betula_pendula/t_betula_pendula_1f.et,tree,9213,0.976004
{BA785041AC632123}Prefabs/Vegetation/Bush/b_salix_cinerea_1.et,bush,5791,0.954476
{BAB8054438C72A04}Prefabs/Vegetation/Bush/b_sambucus_nigra_2.et,bush,6427,1.0616
{C46F2709EDF643D4}Prefabs/Vegetation/Tree/t_tilia_cordata/t_tilia_cordata_3s.et,tree,187,0.887658
{C547FFD0C63A6F3E}Prefabs/Vegetation/Tree/t_betula_pendula/t_betula_pendula_1s.et,tree,26705,0.869671
{C732468B6A1C885F}Prefabs/Vegetation/Tree/t_pinus_sylvestris/t_pinus_sylvestris_2f.et,tree,17775,1.06117
{C7401B6D03587072}Prefabs/Vegetation/Tree/t_picea_abies/t_picea_abies_3d_high.et,tree,2659,0.948579
{C98A6C1C2372354E}Prefabs/Vegetation/Bush/b_corylus_avellana_1.et,bush,47286,0.92174
{CCAB9CE2D5FD851E}Prefabs/Vegetation/Tree/t_picea_abies/t_picea_abies_3f_high.et,tree,42991,1.02318
{CD20C2FBFB2D5BB6}Prefabs/Vegetation/Tree/t_pinus_sylvestris/t_pinus_sylvestris_3x.et,tree,3186,0.827839
{CEFEBF266E7040A9}Prefabs/Vegetation/Tree/t_prunus_domestica/t_prunus_domestica_2s.et,tree,948,1.00625
{D209D617451DACC3}Prefabs/Vegetation/Tree/t_carpinus_betulus/t_carpinus_betulus_1f.et,tree,16787,0.944968
{D6EC31A48403A52A}Prefabs/Vegetation/Bush/b_sambucus_nigra_1.et,bush,8605,1.06465
{D9DF1D13919F19A0}Prefabs/Vegetation/Bush/b_rosa_canina_0s.et,bush,9466,1.05884
{DA8942CAD83BA70C}Prefabs/Vegetation/Tree/t_betula_pendula/t_betula_pendula_3sw.et,tree,567,1.01243
{DE7FC095F656695C}Prefabs/Vegetation/Tree/t_picea_abies/t_picea_abies_3s.et,tree,10010,0.888459
{E43B43250C70CE9C}Prefabs/Vegetation/Tree/t_picea_abies/t_picea_abies_3d.et,tree,2270,0.907377
{E6B5C6F51AD71C80}Prefabs/Vegetation/Tree/t_sorbus_aucuparia/t_sorbus_aucuparia_2w.et,tree,2003,0.915522
{EDA004BB3DFC064A}Prefabs/Vegetation/Tree/t_pinus_sylvestris/t_pinus_sylvestris_1s.et,tree,9500,0.940795
{EFD5BDE091DAE12B}Prefabs/Vegetation/Tree/t_betula_pendula/t_betula_pendula_2f.et,tree,7136,0.939567
{F0B4F9601CEF4BE3}Prefabs/Vegetation/Tree/t_alnus_glutinosa/t_alnus_glutinosa_3s.et,tree,502,0.972988
{F4C920FCE86AD599}Prefabs/Vegetation/Tree/t_picea_abies/t_picea_abies_0.et,tree,49002,0.988838
{F55BF63BAD1DCB7E}Prefabs/Vegetation/Bush/b_juniperus_communis_2s.et,bush,216,0.977986
{F89B942712FD22D6}Prefabs/Vegetation/Tree/t_carpinus_betulus/t_carpinus_betulus_2s.et,tree,8121,0.957303
{FC9A12CDC5288469}Prefabs/Vegetation/Tree/t_pinus_sylvestris/t_pinus_sylvestris_3w.et,tree,1241,0.76237
